,Word,Weight
0,zone,3273
1,youth,3272
2,young,3271
3,wrongful,3270
4,writing,3269
5,writ,3268
6,wound,3267
7,worst,3266
8,world,3265
9,workplace,3264
10,working,3263
11,worker,3262
12,workday,3261
13,work,3260
14,word,3259
15,woman,3258
16,witness,3257
17,withheld,3256
18,withdrawn,3255
19,wise,3254
20,wireless,3253
21,wire,3252
22,winning,3251
23,window,3250
24,windfall,3249
25,wind,3248
26,willing,3247
27,willful,3246
28,wildlife,3245
29,wilderness,3244
30,wife,3243
31,widow,3242
32,white,3241
33,western,3240
34,west,3239
35,wellness,3238
36,welfare,3237
37,weight,3236
38,week,3235
39,weaving,3234
40,weather,3233
41,wearing,3232
42,wearable,3231
43,wealth,3230
44,way,3229
45,watershed,3228
46,waterless,3227
47,water,3226
48,waste,3225
49,warranty,3224
50,warrant,3223
51,warning,3222
52,warming,3221
53,warehouse,3220
54,ward,3219
55,war,3218
56,waiver,3217
57,wage,3216
58,vulnerable,3215
59,vulnerability,3214
60,voyeurism,3213
61,voucher,3212
62,voting,3211
63,voter,3210
64,volunteerism,3209
65,volunteer,3208
66,voluntary,3207
67,volcanology,3206
68,volcano,3205
69,volcanic,3204
70,volatile,3203
71,void,3202
72,voice,3201
73,vocational,3200
74,vital,3199
75,visual,3198
76,visitor,3197
77,visiting,3196
78,visitation,3195
79,vision,3194
80,visible,3193
81,visa,3192
82,virus,3191
83,virtue,3190
84,virtual,3189
85,viral,3188
86,violent,3187
87,violence,3186
88,violator,3185
89,violation,3184
90,village,3183
91,villa,3182
92,vilification,3181
93,view,3180
94,video,3179
95,victory,3178
96,victim,3177
97,vicinity,3176
98,viable,3175
99,viability,3174
100,vexation,3173
101,veterinary,3172
102,veterinarian,3171
103,veteran,3170
104,vesting,3169
105,vessel,3168
106,vertical,3167
107,version,3166
108,vernacular,3165
109,verification,3164
110,verbal,3163
111,venue,3162
112,venture,3161
113,vehicular,3160
114,vehicle,3159
115,vegetable,3158
116,vat,3157
117,varsity,3156
118,various,3155
119,vandalism,3154
120,value,3153
121,valuation,3152
122,valuable,3151
123,valor,3150
124,valley,3149
125,validity,3148
126,validation,3147
127,vagrancy,3146
128,vaccine,3145
129,vaccination,3144
130,vacation,3143
131,vacant,3142
132,vacancy,3141
133,utmost,3140
134,utilization,3139
135,utility,3138
136,urgent,3137
137,urban,3136
138,upland,3135
139,upgrade,3134
140,unworthiness,3133
141,unwanted,3132
142,unvaccinated,3131
143,unsolicited,3130
144,unsold,3129
145,unserved,3128
146,unscrupulous,3127
147,unsafe,3126
148,unremitted,3125
149,unreasonable,3124
150,unpaid,3123
151,unnecessary,3122
152,unmarried,3121
153,unmanageable,3120
154,unlawful,3119
155,unknown,3118
156,unjust,3117
157,university,3116
158,universe,3115
159,universal,3114
160,united,3113
161,unique,3112
162,union,3111
163,uninterrupted,3110
164,unilateral,3109
165,uniformed,3108
166,uniform,3107
167,unified,3106
168,unidentified,3105
169,unfair,3104
170,unethical,3103
171,unequal,3102
172,unemployment,3101
173,unemployed,3100
174,unemancipated,3099
175,undue,3098
176,undiagnosed,3097
177,undeserved,3096
178,underwater,3095
179,undersecretary,3094
180,underprivileged,3093
181,undernutrition,3092
182,underground,3091
183,undergoing,3090
184,undergo,3089
185,underage,3088
186,unconscious,3087
187,unconscionable,3086
188,unclaimed,3085
189,unborn,3084
190,unauthorized,3083
191,unattended,3082
192,umbilical,3081
193,typographical,3080
194,typhoon,3079
195,twin,3078
196,turtle,3077
197,turnover,3076
198,turnout,3075
199,turncoatism,3074
200,tuna,3073
201,tuition,3072
202,tuberculosis,3071
203,tsunami,3070
204,truthful,3069
205,truth,3068
206,trust,3067
207,true,3066
208,truck,3065
209,tropical,3064
210,tricycle,3063
211,tribal,3062
212,trial,3061
213,tree,3060
214,treaty,3059
215,treatment,3058
216,treasury,3057
217,treasurer,3056
218,travel,3055
219,traumatic,3054
220,trauma,3053
221,transporting,3052
222,transportation,3051
223,transport,3050
224,transplantation,3049
225,transplant,3048
226,transparent,3047
227,transparency,3046
228,transnational,3045
229,transmission,3044
230,translation,3043
231,transitory,3042
232,transition,3041
233,transit,3040
234,transfusion,3039
235,transformation,3038
236,transfer,3037
237,transaction,3036
238,tramp,3035
239,training,3034
240,train,3033
241,traffic,3032
242,traditional,3031
243,tradition,3030
244,trading,3029
245,trade,3028
246,toy,3027
247,toxic,3026
248,town,3025
249,tourist,3024
250,tourism,3023
251,tourette,3022
252,total,3021
253,torture,3020
254,tool,3019
255,toll,3018
256,toddler,3017
257,tobacco,3016
258,titling,3015
259,tissue,3014
260,timely,3013
261,time,3012
262,timberland,3011
263,tie,3010
264,throwaway,3009
265,throw,3008
266,throat,3007
267,thrift,3006
268,threshold,3005
269,threat,3004
270,thorough,3003
271,thesis,3002
272,therapy,3001
273,therapeutic,3000
274,theft,2999
275,thanksgiving,2998
276,textile,2997
277,textbook,2996
278,text,2995
279,tetraborate,2994
280,testing,2993
281,testimony,2992
282,testamentary,2991
283,test,2990
284,tertiary,2989
285,terrorist,2988
286,terrorism,2987
287,territory,2986
288,territorial,2985
289,terrestrial,2984
290,ternal,2983
291,termination,2982
292,terminal,2981
293,term,2980
294,tenure,2979
295,tender,2978
296,temporary,2977
297,temporal,2976
298,teller,2975
299,television,2974
300,telephone,2973
301,telegraph,2972
302,telecommunication,2971
303,teenage,2970
304,teen,2969
305,technology,2968
306,technological,2967
307,technician,2966
308,technical,2965
309,teaching,2964
310,teacher,2963
311,taxpayer,2962
312,taxing,2961
313,taximeter,2960
314,taxi,2959
315,taxation,2958
316,taxable,2957
317,tax,2956
318,taught,2955
319,tattooing,2954
320,tattoo,2953
321,task,2952
322,tariff,2951
323,tar,2950
324,tapping,2949
325,tape,2948
326,tantamount,2947
327,talented,2946
328,talent,2945
329,taking,2944
330,tactical,2943
331,tabloid,2942
332,table,2941
333,systemic,2940
334,systematic,2939
335,synthetic,2938
336,syndrome,2937
337,syndicate,2936
338,synchronized,2935
339,synchronization,2934
340,sworn,2933
341,switching,2932
342,swiss,2931
343,swimming,2930
344,swift,2929
345,swamp,2928
346,sustained,2927
347,sustainable,2926
348,suspicious,2925
349,suspension,2924
350,suspect,2923
351,survivorship,2922
352,surviving,2921
353,survival,2920
354,survey,2919
355,surveillance,2918
356,surrogate,2917
357,surname,2916
358,surgical,2915
359,surgery,2914
360,surface,2913
361,surety,2912
362,surcharge,2911
363,supreme,2910
364,suppression,2909
365,support,2908
366,supply,2907
367,supplementation,2906
368,supplemental,2905
369,supervisory,2904
370,supervisor,2903
371,supervision,2902
372,superior,2901
373,superfluity,2900
374,sundry,2899
375,summit,2898
376,summer,2897
377,summary,2896
378,sum,2895
379,sultan,2894
380,suitable,2893
381,suicide,2892
382,sugar,2891
383,sufficient,2890
384,sufficiency,2889
385,succession,2888
386,successful,2887
387,substitution,2886
388,substantive,2885
389,substantial,2884
390,substandard,2883
391,substance,2882
392,subsistence,2881
393,subsidy,2880
394,subsidize,2879
395,subsidiary,2878
396,subsequent,2877
397,subsection,2876
398,subscriber,2875
399,subprovincial,2874
400,subpoena,2873
401,subornation,2872
402,submission,2871
403,subdivision,2870
404,subdistrict,2869
405,style,2868
406,study,2867
407,student,2866
408,structure,2865
409,structural,2864
410,strip,2863
411,stringent,2862
412,strict,2861
413,stress,2860
414,strengthening,2859
415,strengthen,2858
416,streetside,2857
417,street,2856
418,strategy,2855
419,strategic,2854
420,straight,2853
421,storm,2852
422,store,2851
423,storage,2850
424,stop,2849
425,stolen,2848
426,stock,2847
427,stimulus,2846
428,stiff,2845
429,stick,2844
430,stewardship,2843
431,stay,2842
432,statutory,2841
433,statute,2840
434,status,2839
435,statistical,2838
436,statistic,2837
437,station,2836
438,state,2835
439,start,2834
440,staple,2833
441,standing,2832
442,standardized,2831
443,standardization,2830
444,standard,2829
445,stamp,2828
446,stakeholder,2827
447,staging,2826
448,stage,2825
449,staff,2824
450,stabilize,2823
451,stabilization,2822
452,stability,2821
453,square,2820
454,spring,2819
455,spread,2818
456,spouse,2817
457,spot,2816
458,sporting,2815
459,sport,2814
460,spiritual,2813
461,spirit,2812
462,spillage,2811
463,spill,2810
464,speed,2809
465,speech,2808
466,spectrum,2807
467,specimen,2806
468,specification,2805
469,specific,2804
470,specie,2803
471,specialty,2802
472,specialized,2801
473,special,2800
474,speaker,2799
475,space,2798
476,spa,2797
477,soybean,2796
478,sovereignty,2795
479,sovereign,2794
480,southern,2793
481,southeastern,2792
482,southeast,2791
483,south,2790
484,source,2789
485,sound,2788
486,sorority,2787
487,son,2786
488,solidary,2785
489,solidarity,2784
490,solid,2783
491,solicitor,2782
492,solicitation,2781
493,sole,2780
494,soldier,2779
495,solar,2778
496,soil,2777
497,sodium,2776
498,socioeconomic,2775
499,sociocultural,2774
500,society,2773
501,social,2772
502,snatching,2771
503,smuggling,2770
504,smoking,2769
505,smoke,2768
506,smart,2767
507,small,2766
508,sludge,2765
509,sloping,2764
510,slave,2763
511,slaughter,2762
512,slain,2761
513,skilled,2760
514,skill,2759
515,skate,2758
516,size,2757
517,situation,2756
518,site,2755
519,single,2754
520,sin,2753
521,simulator,2752
522,simplified,2751
523,simple,2750
524,similar,2749
525,silver,2748
526,silica,2747
527,significant,2746
528,signal,2745
529,sign,2744
530,sight,2743
531,siege,2742
532,sickness,2741
533,sick,2740
534,shul,2739
535,shrine,2738
536,shrimp,2737
537,showing,2736
538,shortage,2735
539,short,2734
540,shopping,2733
541,shop,2732
542,shipping,2731
543,shipment,2730
544,shipboard,2729
545,ship,2728
546,shift,2727
547,shelter,2726
548,sheep,2725
549,shaw,2724
550,share,2723
551,shaken,2722
552,sexual,2721
553,sex,2720
554,sewage,2719
555,severe,2718
556,settler,2717
557,settlement,2716
558,setting,2715
559,serving,2714
560,service,2713
561,series,2712
562,separation,2711
563,separate,2710
564,sentence,2709
565,sent,2708
566,sensitive,2707
567,senior,2706
568,senate,2705
569,seminar,2704
570,selling,2703
571,seller,2702
572,self,2701
573,selection,2700
574,seismology,2699
575,seduction,2698
576,security,2697
577,sectoral,2696
578,sector,2695
579,sect,2694
580,secretary,2693
581,secretariat,2692
582,secrecy,2691
583,seaweed,2690
584,seating,2689
585,seat,2688
586,season,2687
587,seascape,2686
588,searchable,2685
589,search,2684
590,seal,2683
591,sea,2682
592,screening,2681
593,screen,2680
594,scouting,2679
595,scope,2678
596,scleroderma,2677
597,scientist,2676
598,scientific,2675
599,science,2674
600,school,2673
601,scholarship,2672
602,scheme,2671
603,schedule,2670
604,scenic,2669
605,scarce,2668
606,scandal,2667
607,scale,2666
608,saver,2665
609,satisfaction,2664
610,satellite,2663
611,sanitation,2662
612,sanitary,2661
613,sanitarium,2660
614,sand,2659
615,sanctuary,2658
616,sanction,2657
617,salvaging,2656
618,salvage,2655
619,salt,2654
620,salon,2653
621,sale,2652
622,salary,2651
623,safety,2650
624,safekeeping,2649
625,safeguard,2648
626,safe,2647
627,sacrifice,2646
628,sabotage,2645
629,rural,2644
630,runoff,2643
631,runaway,2642
632,run,2641
633,ruminant,2640
634,rule,2639
635,rubber,2638
636,rotary,2637
637,roller,2636
638,role,2635
639,rock,2634
640,robbery,2633
641,road,2632
642,river,2631
643,risk,2630
644,rise,2629
645,right,2628
646,riding,2627
647,ridicule,2626
648,ride,2625
649,rich,2624
650,rice,2623
651,reward,2622
652,revocation,2621
653,revival,2620
654,revitalization,2619
655,revision,2618
656,review,2617
657,reversion,2616
658,reversal,2615
659,revenue,2614
660,return,2613
661,retroactive,2612
662,retrenchment,2611
663,retirement,2610
664,retired,2609
665,retinoblastoma,2608
666,retention,2607
667,retaliatory,2606
668,retail,2605
669,resuscitation,2604
670,result,2603
671,restriction,2602
672,restraint,2601
673,restorative,2600
674,restoration,2599
675,restitution,2598
676,rest,2597
677,responsive,2596
678,responsible,2595
679,responsibility,2594
680,response,2593
681,respite,2592
682,respiratory,2591
683,respective,2590
684,respect,2589
685,resource,2588
686,resolution,2587
687,resistant,2586
688,resistance,2585
689,resilient,2584
690,resiliency,2583
691,resilience,2582
692,resigned,2581
693,resignation,2580
694,residual,2579
695,residential,2578
696,resident,2577
697,residency,2576
698,residence,2575
699,resettlement,2574
700,reservist,2573
701,reserve,2572
702,reservation,2571
703,research,2570
704,rescue,2569
705,requisite,2568
706,requirement,2567
707,requalification,2566
708,reproductive,2565
709,reproduction,2564
710,reprisal,2563
711,representative,2562
712,representation,2561
713,repository,2560
714,repose,2559
715,reporter,2558
716,report,2557
717,reply,2556
718,replica,2555
719,replacement,2554
720,repayment,2553
721,repatriation,2552
722,reparation,2551
723,repair,2550
724,reorientation,2549
725,reorganization,2548
726,rental,2547
727,rent,2546
728,renomination,2545
729,renewal,2544
730,renewable,2543
731,rendition,2542
732,render,2541
733,renaissance,2540
734,remuneration,2539
735,removing,2538
736,remove,2537
737,removal,2536
738,remote,2535
739,remittance,2534
740,remembrance,2533
741,remediation,2532
742,remedial,2531
743,remarriage,2530
744,remains,2529
745,relocation,2528
746,religious,2527
747,religion,2526
748,relief,2525
749,reliant,2524
750,reliable,2523
751,reliability,2522
752,relevant,2521
753,release,2520
754,relative,2519
755,relationship,2518
756,relation,2517
757,related,2516
758,reinvestment,2515
759,reintroduction,2514
760,reintegration,2513
761,reinsurance,2512
762,reinforcement,2511
763,reimposition,2510
764,reimbursement,2509
765,rehabilitation,2508
766,rehabilitate,2507
767,regulatory,2506
768,regulator,2505
769,regulation,2504
770,regulate,2503
771,regularization,2502
772,regular,2501
773,reglementary,2500
774,registry,2499
775,registration,2498
776,registrar,2497
777,registered,2496
778,register,2495
779,regionalization,2494
780,regional,2493
781,region,2492
782,regime,2491
783,regenerative,2490
784,regenerate,2489
785,regardless,2488
786,regarding,2487
787,regard,2486
788,regalia,2485
789,refuse,2484
790,refusal,2483
791,refund,2482
792,refuge,2481
793,reformation,2480
794,reform,2479
795,reforestation,2478
796,referendum,2477
797,reference,2476
798,reef,2475
799,reduction,2474
800,reducing,2473
801,reduced,2472
802,redress,2471
803,redevelopment,2470
804,redemption,2469
805,recurrent,2468
806,rectification,2467
807,recruitment,2466
808,recreational,2465
809,recreation,2464
810,recovery,2463
811,recoverable,2462
812,recording,2461
813,record,2460
814,reconstruction,2459
815,reconstitution,2458
816,reconciliation,2457
817,recommendation,2456
818,recommend,2455
819,recognize,2454
820,recognizance,2453
821,recognition,2452
822,recodification,2451
823,reclusion,2450
824,reclassification,2449
825,reckless,2448
826,reciprocity,2447
827,recipient,2446
828,reception,2445
829,receivership,2444
830,receiver,2443
831,receipt,2442
832,recall,2441
833,rebuild,2440
834,rebate,2439
835,reasonable,2438
836,reason,2437
837,reapportionment,2436
838,reappointment,2435
839,realty,2434
840,reallocation,2433
841,realization,2432
842,realignment,2431
843,real,2430
844,reading,2429
845,reacquisition,2428
846,raw,2427
847,rationalization,2426
848,rational,2425
849,ratio,2424
850,rating,2423
851,rate,2422
852,rare,2421
853,rapid,2420
854,rape,2419
855,rank,2418
856,range,2417
857,random,2416
858,raising,2415
859,rainy,2414
860,railway,2413
861,railroad,2412
862,rail,2411
863,rage,2410
864,radius,2409
865,radiological,2408
866,radiologic,2407
867,radioactive,2406
868,radio,2405
869,radiation,2404
870,racketeer,2403
871,racing,2402
872,racial,2401
873,race,2400
874,rabies,2399
875,quota,2398
876,quest,2397
877,quasijudicial,2396
878,quarterly,2395
879,quarter,2394
880,quarrying,2393
881,quarry,2392
882,quarantine,2391
883,quantity,2390
884,quantitative,2389
885,quality,2388
886,qualified,2387
887,qualification,2386
888,pyrotechnic,2385
889,pyramid,2384
890,pursuant,2383
891,purse,2382
892,purchase,2381
893,punishment,2380
894,punishable,2379
895,pulmonary,2378
896,puericulture,2377
897,publisher,2376
898,publication,2375
899,public,2374
900,psychotechnical,2373
901,psychosocial,2372
902,psychosis,2371
903,psychometrics,2370
904,psychology,2369
905,psychological,2368
906,psychiatric,2367
907,proximate,2366
908,provisional,2365
909,provincial,2364
910,province,2363
911,provider,2362
912,provident,2361
913,protocol,2360
914,protector,2359
915,protective,2358
916,protection,2357
917,protecting,2356
918,protect,2355
919,prostitution,2354
920,prostate,2353
921,prospective,2352
922,prosecutor,2351
923,prosecution,2350
924,prosecute,2349
925,proposal,2348
926,proportional,2347
927,proportion,2346
928,prophylaxis,2345
929,property,2344
930,properly,2343
931,proper,2342
932,propagation,2341
933,propagate,2340
934,propaganda,2339
935,proof,2338
936,pronounce,2337
937,promulgation,2336
938,prompt,2335
939,promotional,2334
940,promotion,2333
941,promote,2332
942,proliferation,2331
943,project,2330
944,prohibition,2329
945,progressive,2328
946,progress,2327
947,profiteering,2326
948,profit,2325
949,professionalize,2324
950,professionalization,2323
951,professionalism,2322
952,professional,2321
953,profession,2320
954,productivity,2319
955,productive,2318
956,production,2317
957,product,2316
958,produce,2315
959,procurement,2314
960,proclamation,2313
961,process,2312
962,proceeds,2311
963,procedure,2310
964,problem,2309
965,probationary,2308
966,probation,2307
967,probable,2306
968,pro,2305
969,privilege,2304
970,private,2303
971,privacy,2302
972,prison,2301
973,priority,2300
974,prior,2299
975,printing,2298
976,print,2297
977,principle,2296
978,principal,2295
979,prime,2294
980,primary,2293
981,prima,2292
982,pride,2291
983,price,2290
984,previous,2289
985,preventive,2288
986,prevention,2287
987,preventable,2286
988,prevent,2285
989,prevalence,2284
990,presumption,2283
991,prestigious,2282
992,press,2281
993,preservation,2280
994,presentation,2279
995,present,2278
996,presence,2277
997,prescriptive,2276
998,prescription,2275
999,prescribe,2274
1000,preschool,2273
1001,prerequisite,2272
1002,prerelease,2271
1003,preregistration,2270
1004,preparedness,2269
1005,preparatory,2268
1006,preparation,2267
1007,prenatal,2266
1008,premium,2265
1009,premiere,2264
1010,premier,2263
1011,premature,2262
1012,preliminary,2261
1013,prekindergarten,2260
1014,pregnant,2259
1015,pregnancy,2258
1016,preferential,2257
1017,preference,2256
1018,predisaster,2255
1019,predictability,2254
1020,precious,2253
1021,precinct,2252
1022,preceding,2251
1023,prayer,2250
1024,prawn,2249
1025,practitioner,2248
1026,practice,2247
1027,practicable,2246
1028,powered,2245
1029,power,2244
1030,poverty,2243
1031,poultry,2242
1032,potential,2241
1033,potent,2240
1034,potable,2239
1035,posture,2238
1036,posttraumatic,2237
1037,posting,2236
1038,postgraduate,2235
1039,poster,2234
1040,postal,2233
1041,post,2232
1042,possible,2231
1043,possibility,2230
1044,possession,2229
1045,positive,2228
1046,position,2227
1047,portrayal,2226
1048,portion,2225
1049,portfolio,2224
1050,portable,2223
1051,portability,2222
1052,port,2221
1053,pornography,2220
1054,pornographic,2219
1055,pork,2218
1056,population,2217
1057,popularization,2216
1058,popular,2215
1059,pop,2214
1060,poor,2213
1061,pool,2212
1062,polyvinyl,2211
1063,polytechnic,2210
1064,polo,2209
1065,pollution,2208
1066,pollutant,2207
1067,polling,2206
1068,police,2205
1069,pole,2204
1070,poisoning,2203
1071,poison,2202
1072,point,2201
1073,pneumococcal,2200
1074,plunder,2199
1075,plumber,2198
1076,plight,2197
1077,pledge,2196
1078,plea,2195
1079,plaza,2194
1080,play,2193
1081,plate,2192
1082,plastic,2191
1083,planting,2190
1084,plant,2189
1085,plan,2188
1086,plain,2187
1087,placement,2186
1088,place,2185
1089,piracy,2184
1090,pipeline,2183
1091,pineapple,2182
1092,pilotage,2181
1093,pilot,2180
1094,pillage,2179
1095,pilferage,2178
1096,piercing,2177
1097,picture,2176
1098,physician,2175
1099,physical,2174
1100,photo,2173
1101,phone,2172
1102,phenomenon,2171
1103,pharmacy,2170
1104,pharmaceutical,2169
1105,petty,2168
1106,petroleum,2167
1107,petition,2166
1108,pet,2165
1109,pesticide,2164
1110,pest,2163
1111,pertinent,2162
1112,personnel,2161
1113,personality,2160
1114,personal,2159
1115,person,2158
1116,persistent,2157
1117,perpetual,2156
1118,permit,2155
1119,permission,2154
1120,permanent,2153
1121,perjury,2152
1122,perishable,2151
1123,peripheral,2150
1124,periodic,2149
1125,period,2148
1126,performance,2147
1127,perfection,2146
1128,percentage,2145
1129,percent,2144
1130,pepper,2143
1131,people,2142
1132,pension,2141
1133,penology,2140
1134,penitentiary,2139
1135,peninsula,2138
1136,penalty,2137
1137,pediatrician,2136
1138,pediatric,2135
1139,pedestrian,2134
1140,peddling,2133
1141,peaceful,2132
1142,peace,2131
1143,payroll,2130
1144,payment,2129
1145,pay,2128
1146,pawnshop,2127
1147,patroness,2126
1148,patrol,2125
1149,patrimony,2124
1150,patient,2123
1151,pathology,2122
1152,paternity,2121
1153,patent,2120
1154,past,2119
1155,passport,2118
1156,passenger,2117
1157,passage,2116
1158,partnership,2115
1159,particular,2114
1160,participatory,2113
1161,participation,2112
1162,partial,2111
1163,parole,2110
1164,parlor,2109
1165,parking,2108
1166,park,2107
1167,parity,2106
1168,parenthood,2105
1169,parental,2104
1170,parent,2103
1171,parcel,2102
1172,paralysis,2101
1173,paragraph,2100
1174,paper,2099
1175,pandemic,2098
1176,palsy,2097
1177,palliative,2096
1178,paint,2095
1179,pact,2094
1180,package,2093
1181,pack,2092
1182,pa,2091
1183,ozone,2090
1184,ownership,2089
1185,owner,2088
1186,overtime,2087
1187,oversight,2086
1188,overseas,2085
1189,overdue,2084
1190,overdose,2083
1191,overall,2082
1192,ovarian,2081
1193,outstanding,2080
1194,outside,2079
1195,outreach,2078
1196,outlet,2077
1197,outlay,2076
1198,outdoor,2075
1199,osteoporosis,2074
1200,orphan,2073
1201,original,2072
1202,origin,2071
1203,orientation,2070
1204,oriental,2069
1205,organizational,2068
1206,organization,2067
1207,organism,2066
1208,organic,2065
1209,organ,2064
1210,ore,2063
1211,oral,2062
1212,optometry,2061
1213,optional,2060
1214,option,2059
1215,optimum,2058
1216,optimize,2057
1217,optical,2056
1218,oppressive,2055
1219,opportunity,2054
1220,operational,2053
1221,operation,2052
1222,operating,2051
1223,operate,2050
1224,operability,2049
1225,opening,2048
1226,open,2047
1227,onion,2046
1228,onetime,2045
1229,omnibus,2044
1230,ombudsman,2043
1231,older,2042
1232,old,2041
1233,oil,2040
1234,offering,2039
1235,offer,2038
1236,offense,2037
1237,offender,2036
1238,odious,2035
1239,ocular,2034
1240,oceanic,2033
1241,ocean,2032
1242,occurrence,2031
1243,occupational,2030
1244,occupation,2029
1245,occupancy,2028
1246,occidental,2027
1247,occasion,2026
1248,obstruction,2025
1249,obstetrical,2024
1250,observation,2023
1251,observance,2022
1252,obscene,2021
1253,obligation,2020
1254,obesity,2019
1255,nutritional,2018
1256,nutrition,2017
1257,nutrient,2016
1258,nursing,2015
1259,nursery,2014
1260,nurse,2013
1261,number,2012
1262,nullity,2011
1263,nuisance,2010
1264,nuclear,2009
1265,novel,2008
1266,nourishment,2007
1267,notification,2006
1268,notifiable,2005
1269,notice,2004
1270,notable,2003
1271,nose,2002
1272,northwest,2001
1273,northern,2000
1274,north,1999
1275,normal,1998
1276,nonworking,1997
1277,nonverbal,1996
1278,nonteaching,1995
1279,nonstock,1994
1280,nonqualification,1993
1281,nonprofit,1992
1282,nonpayment,1991
1283,nonpatentable,1990
1284,nonobservance,1989
1285,nonnative,1988
1286,nonmobile,1987
1287,nonmetallic,1986
1288,nonmedical,1985
1289,nonlife,1984
1290,nonimmigrant,1983
1291,nongovernmental,1982
1292,nonformal,1981
1293,nonfiscal,1980
1294,noncumulative,1979
1295,nonconventional,1978
1296,noncompliance,1977
1297,noncommercial,1976
1298,noncombatant,1975
1299,nonapplication,1974
1300,nonagricultural,1973
1301,nominee,1972
1302,nomination,1971
1303,nominal,1970
1304,nomenclature,1969
1305,noise,1968
1306,node,1967
1307,nightwork,1966
1308,night,1965
1309,nicotine,1964
1310,newspaper,1963
1311,news,1962
1312,new,1961
1313,neuropsychiatric,1960
1314,network,1959
1315,net,1958
1316,nervous,1957
1317,neonatal,1956
1318,negotiation,1955
1319,negligence,1954
1320,neglect,1953
1321,negative,1952
1322,needy,1951
1323,need,1950
1324,necrophilia,1949
1325,necessity,1948
1326,necessary,1947
1327,near,1946
1328,navy,1945
1329,navigable,1944
1330,naval,1943
1331,naturopathy,1942
1332,naturopathic,1941
1333,nature,1940
1334,naturalization,1939
1335,natural,1938
1336,native,1937
1337,nationwide,1936
1338,nationalistic,1935
1339,nationalism,1934
1340,nation,1933
1341,nanny,1932
1342,mysterious,1931
1343,mutual,1930
1344,musician,1929
1345,musical,1928
1346,music,1927
1347,museum,1926
1348,murder,1925
1349,multinational,1924
1350,multilingual,1923
1351,multilateral,1922
1352,mulberry,1921
1353,movie,1920
1354,movement,1919
1355,mouth,1918
1356,motto,1917
1357,motorist,1916
1358,motorcycle,1915
1359,motor,1914
1360,motion,1913
1361,motherhood,1912
1362,mother,1911
1363,mosque,1910
1364,mortgage,1909
1365,mortality,1908
1366,moro,1907
1367,morgue,1906
1368,moratorium,1905
1369,morale,1904
1370,moral,1903
1371,monument,1902
1372,monoxide,1901
1373,monopoly,1900
1374,monitor,1899
1375,money,1898
1376,monetization,1897
1377,monetary,1896
1378,module,1895
1379,modification,1894
1380,modernization,1893
1381,modern,1892
1382,modeling,1891
1383,model,1890
1384,mode,1889
1385,mobilization,1888
1386,mobility,1887
1387,mobile,1886
1388,mitigation,1885
1389,mitigate,1884
1390,misuse,1883
1391,missing,1882
1392,miss,1881
1393,misleading,1880
1394,miscellaneous,1879
1395,misappropriation,1878
1396,minority,1877
1397,minor,1876
1398,mining,1875
1399,minimum,1874
1400,mineral,1873
1401,millennium,1872
1402,milk,1871
1403,military,1870
1404,migration,1869
1405,migrant,1868
1406,midwifery,1867
1407,midwife,1866
1408,microbiology,1865
1409,metropolitan,1864
1410,method,1863
1411,metallurgical,1862
1412,metallic,1861
1413,metal,1860
1414,message,1859
1415,mesa,1858
1416,merger,1857
1417,mere,1856
1418,merchant,1855
1419,merchandise,1854
1420,menu,1853
1421,mental,1852
1422,menstruation,1851
1423,menopause,1850
1424,men,1849
1425,memory,1848
1426,memorial,1847
1427,membership,1846
1428,member,1845
1429,meeting,1844
1430,medium,1843
1431,medicine,1842
1432,medical,1841
1433,mediation,1840
1434,medal,1839
1435,mechanization,1838
1436,mechanism,1837
1437,mechanic,1836
1438,meat,1835
1439,measurement,1834
1440,measure,1833
1441,meaningful,1832
1442,meaning,1831
1443,maximum,1830
1444,maximization,1829
1445,maturity,1828
1446,mature,1827
1447,matter,1826
1448,mathematics,1825
1449,math,1824
1450,maternity,1823
1451,maternal,1822
1452,material,1821
1453,matchmaking,1820
1454,master,1819
1455,massage,1818
1456,mass,1817
1457,martial,1816
1458,marsh,1815
1459,marrow,1814
1460,married,1813
1461,marriage,1812
1462,marking,1811
1463,marketing,1810
1464,market,1809
1465,maritime,1808
1466,marital,1807
1467,marine,1806
1468,marginal,1805
1469,map,1804
1470,manufacturer,1803
1471,manufacture,1802
1472,manual,1801
1473,manner,1800
1474,manipulation,1799
1475,mangrove,1798
1476,mango,1797
1477,mandatory,1796
1478,management,1795
1479,manage,1794
1480,malversation,1793
1481,maltreatment,1792
1482,malt,1791
1483,malpractice,1790
1484,malnutrition,1789
1485,malicious,1788
1486,malfeasance,1787
1487,malaria,1786
1488,making,1785
1489,major,1784
1490,maintenance,1783
1491,maintain,1782
1492,main,1781
1493,mail,1780
1494,maiden,1779
1495,magnetic,1778
1496,macular,1777
1497,machinery,1776
1498,machine,1775
1499,machination,1774
1500,lymphatic,1773
1501,lymph,1772
1502,luxurious,1771
1503,lupus,1770
1504,lung,1769
1505,lump,1768
1506,lumber,1767
1507,loyalty,1766
1508,lower,1765
1509,low,1764
1510,lotto,1763
1511,lot,1762
1512,loss,1761
1513,loom,1760
1514,longevity,1759
1515,long,1758
1516,lone,1757
1517,logo,1756
1518,logistics,1755
1519,logging,1754
1520,locking,1753
1521,location,1752
1522,locate,1751
1523,locality,1750
1524,local,1749
1525,loanable,1748
1526,loan,1747
1527,load,1746
1528,living,1745
1529,livestock,1744
1530,liver,1743
1531,livelihood,1742
1532,live,1741
1533,litigation,1740
1534,literate,1739
1535,literacy,1738
1536,listing,1737
1537,listed,1736
1538,list,1735
1539,liquor,1734
1540,liquidation,1733
1541,liquid,1732
1542,lipa,1731
1543,lion,1730
1544,linkage,1729
1545,linguistic,1728
1546,line,1727
1547,limited,1726
1548,limitation,1725
1549,likely,1724
1550,likelihood,1723
1551,like,1722
1552,light,1721
1553,lifetime,1720
1554,lifeline,1719
1555,life,1718
1556,lieu,1717
1557,lien,1716
1558,licensure,1715
1559,license,1714
1560,library,1713
1561,liberty,1712
1562,liberalization,1711
1563,libel,1710
1564,liable,1709
1565,liability,1708
1566,lewd,1707
1567,levy,1706
1568,level,1705
1569,letter,1704
1570,lens,1703
1571,legitimation,1702
1572,legitimate,1701
1573,legislative,1700
1574,legislation,1699
1575,legal,1698
1576,legacy,1697
1577,leaving,1696
1578,leave,1695
1579,lease,1694
1580,learning,1693
1581,leaf,1692
1582,leadership,1691
1583,lead,1690
1584,le,1689
1585,layer,1688
1586,lawlessness,1687
1587,lawful,1686
1588,laurel,1685
1589,lateral,1684
1590,late,1683
1591,laser,1682
1592,large,1681
1593,language,1680
1594,lane,1679
1595,landscape,1678
1596,landholder,1677
1597,land,1676
1598,lake,1675
1599,lad,1674
1600,lactation,1673
1601,lack,1672
1602,laborer,1671
1603,laboratory,1670
1604,labor,1669
1605,label,1668
1606,la,1667
1607,knowledge,1666
1608,kindergarten,1665
1609,kind,1664
1610,kilowatt,1663
1611,killing,1662
1612,kidney,1661
1613,key,1660
1614,kerosene,1659
1615,juvenile,1658
1616,justice,1657
1617,jurisdiction,1656
1618,juridical,1655
1619,junk,1654
1620,junior,1653
1621,june,1652
1622,junction,1651
1623,judiciary,1650
1624,judicial,1649
1625,judgment,1648
1626,judge,1647
1627,journalist,1646
1628,journalism,1645
1629,joint,1644
1630,job,1643
1631,jail,1642
1632,item,1641
1633,issuance,1640
1634,isocyanate,1639
1635,island,1638
1636,irrigation,1637
1637,irrigable,1636
1638,irresponsible,1635
1639,ipil,1634
1640,involvement,1633
1641,involuntary,1632
1642,investment,1631
1643,investigative,1630
1644,investigation,1629
1645,investigating,1628
1646,investigate,1627
1647,invention,1626
1648,invasive,1625
1649,invasion,1624
1650,intrusion,1623
1651,introduction,1622
1652,intoxication,1621
1653,intoxicated,1620
1654,intolerance,1619
1655,intimidation,1618
1656,intimate,1617
1657,intervention,1616
1658,intersection,1615
1659,internship,1614
1660,internationally,1613
1661,international,1612
1662,internal,1611
1663,intermediate,1610
1664,interlocal,1609
1665,interior,1608
1666,interim,1607
1667,intergovernmental,1606
1668,interference,1605
1669,interface,1604
1670,interested,1603
1671,interdepartmental,1602
1672,interconnection,1601
1673,interception,1600
1674,interagency,1599
1675,interactive,1598
1676,inter,1597
1677,intentional,1596
1678,intention,1595
1679,intensive,1594
1680,intensity,1593
1681,intended,1592
1682,intelligence,1591
1683,intellectual,1590
1684,integrity,1589
1685,integration,1588
1686,integral,1587
1687,intangible,1586
1688,intake,1585
1689,insurer,1584
1690,insurance,1583
1691,instrument,1582
1692,instructional,1581
1693,instruction,1580
1694,institutionalization,1579
1695,institutional,1578
1696,institution,1577
1697,institute,1576
1698,instance,1575
1699,installment,1574
1700,installation,1573
1701,install,1572
1702,inspector,1571
1703,inspection,1570
1704,insolvency,1569
1705,insignia,1568
1706,insecurity,1567
1707,inquiry,1566
1708,inoperable,1565
1709,innovative,1564
1710,innovation,1563
1711,inland,1562
1712,injury,1561
1713,injurious,1560
1714,injured,1559
1715,initiative,1558
1716,initiation,1557
1717,initial,1556
1718,inimical,1555
1719,inhumane,1554
1720,inhuman,1553
1721,inherent,1552
1722,ingenious,1551
1723,infusion,1550
1724,infringement,1549
1725,infrastructure,1548
1726,information,1547
1727,informal,1546
1728,influenza,1545
1729,influence,1544
1730,inflict,1543
1731,inflation,1542
1732,infidelity,1541
1733,infertility,1540
1734,inferior,1539
1735,infectious,1538
1736,infection,1537
1737,infanta,1536
1738,infant,1535
1739,industry,1534
1740,industrial,1533
1741,induce,1532
1742,indoor,1531
1743,individual,1530
1744,indiscriminate,1529
1745,indirect,1528
1746,indigent,1527
1747,indigenous,1526
1748,indicia,1525
1749,indication,1524
1750,index,1523
1751,indeterminate,1522
1752,independent,1521
1753,independence,1520
1754,indemnification,1519
1755,indefinite,1518
1756,indecent,1517
1757,indebtedness,1516
1758,incumbent,1515
1759,incumbency,1514
1760,incubator,1513
1761,incubation,1512
1762,incriminatory,1511
1763,incremental,1510
1764,increase,1509
1765,income,1508
1766,inclusive,1507
1767,inclusion,1506
1768,inclination,1505
1769,incidental,1504
1770,incidence,1503
1771,incestuous,1502
1772,incest,1501
1773,incentive,1500
1774,incendiary,1499
1775,incapacity,1498
1776,incapable,1497
1777,incandescent,1496
1778,inauguration,1495
1779,inappropriate,1494
1780,inadvertent,1493
1781,inaction,1492
1782,imprudence,1491
1783,improving,1490
1784,improvement,1489
1785,improper,1488
1786,imprisonment,1487
1787,impoundment,1486
1788,imposition,1485
1789,imposing,1484
1790,imposable,1483
1791,importation,1482
1792,important,1481
1793,importance,1480
1794,import,1479
1795,implementation,1478
1796,implement,1477
1797,impede,1476
1798,impeachable,1475
1799,impartiality,1474
1800,impact,1473
1801,immunization,1472
1802,immunity,1471
1803,immune,1470
1804,immovable,1469
1805,immoral,1468
1806,imminent,1467
1807,immigration,1466
1808,immediate,1465
1809,immaculate,1464
1810,imitation,1463
1811,image,1462
1812,illness,1461
1813,illicit,1460
1814,illegitimate,1459
1815,illegal,1458
1816,idle,1457
1817,identity,1456
1818,identification,1455
1819,identifiable,1454
1820,ice,1453
1821,iba,1452
1822,hypertension,1451
1823,hymn,1450
1824,hygiene,1449
1825,hydrothermal,1448
1826,hydroponics,1447
1827,hydrokinetic,1446
1828,hydrographical,1445
1829,hydrogen,1444
1830,hybrid,1443
1831,husband,1442
1832,hunger,1441
1833,humiliating,1440
1834,humanity,1439
1835,humanitarian,1438
1836,human,1437
1837,hub,1436
1838,housing,1435
1839,household,1434
1840,house,1433
1841,hourly,1432
1842,hour,1431
1843,host,1430
1844,hospitalization,1429
1845,hospital,1428
1846,hospice,1427
1847,horse,1426
1848,hormone,1425
1849,honorarium,1424
1850,honor,1423
1851,honesty,1422
1852,honest,1421
1853,homicide,1420
1854,homeless,1419
1855,home,1418
1856,holistic,1417
1857,holiday,1416
1858,holding,1415
1859,holder,1414
1860,hog,1413
1861,hoarding,1412
1862,history,1411
1863,historical,1410
1864,historic,1409
1865,hired,1408
1866,hire,1407
1867,highway,1406
1868,highest,1405
1869,higher,1404
1870,high,1403
1871,heroism,1402
1872,hero,1401
1873,heritage,1400
1874,hereinafter,1399
1875,herbal,1398
1876,heraldic,1397
1877,hepatitis,1396
1878,hemophilia,1395
1879,help,1394
1880,helmet,1393
1881,heinous,1392
1882,height,1391
1883,heavy,1390
1884,heat,1389
1885,heart,1388
1886,hearing,1387
1887,healthy,1386
1888,health,1385
1889,head,1384
1890,hazing,1383
1891,hazardous,1382
1892,hazard,1381
1893,hate,1380
1894,hatchery,1379
1895,harvest,1378
1896,harmony,1377
1897,harmful,1376
1898,harm,1375
1899,hardware,1374
1900,hardship,1373
1901,harbor,1372
1902,harassment,1371
1903,handling,1370
1904,handle,1369
1905,handicapped,1368
1906,handicap,1367
1907,handbook,1366
1908,hand,1365
1909,halal,1364
1910,hair,1363
1911,habitual,1362
1912,habitat,1361
1913,habit,1360
1914,habeas,1359
1915,gynecologic,1358
1916,gym,1357
1917,gunshot,1356
1918,gun,1355
1919,guilty,1354
1920,guide,1353
1921,guidance,1352
1922,guardianship,1351
1923,guard,1350
1924,guaranty,1349
1925,guarantee,1348
1926,growth,1347
1927,group,1346
1928,ground,1345
1929,gross,1344
1930,grocery,1343
1931,grievance,1342
1932,grid,1341
1933,greening,1340
1934,greenhouse,1339
1935,green,1338
1936,greater,1337
1937,grayware,1336
1938,gravel,1335
1939,gratuity,1334
1940,graphic,1333
1941,grant,1332
1942,granite,1331
1943,grain,1330
1944,graft,1329
1945,graduation,1328
1946,graduating,1327
1947,graduate,1326
1948,grade,1325
1949,governor,1324
1950,governmental,1323
1951,governing,1322
1952,governance,1321
1953,goodwill,1320
1954,good,1319
1955,golf,1318
1956,gold,1317
1957,goat,1316
1958,glycine,1315
1959,global,1314
1960,glaucoma,1313
1961,girl,1312
1962,gifted,1311
1963,gift,1310
1964,gerontology,1309
1965,german,1308
1966,geriatric,1307
1967,geothermal,1306
1968,geophysical,1305
1969,geology,1304
1970,geological,1303
1971,genuine,1302
1972,genocide,1301
1973,genetic,1300
1974,generic,1299
1975,generation,1298
1976,general,1297
1977,gender,1296
1978,gen,1295
1979,gay,1294
1980,gate,1293
1981,gasoline,1292
1982,gas,1291
1983,garnishment,1290
1984,gardening,1289
1985,garden,1288
1986,garbage,1287
1987,gang,1286
1988,gaming,1285
1989,game,1284
1990,gain,1283
1991,gab,1282
1992,future,1281
1993,furnish,1280
1994,fur,1279
1995,funeral,1278
1996,fundamental,1277
1997,functional,1276
1998,function,1275
1999,fulfillment,1274
2000,fuel,1273
2001,frozen,1272
2002,fringe,1271
2003,friendship,1270
2004,friendly,1269
2005,fresh,1268
2006,frequency,1267
2007,freight,1266
2008,freedom,1265
2009,free,1264
2010,fraudulent,1263
2011,fraud,1262
2012,fraternity,1261
2013,franking,1260
2014,frank,1259
2015,francisca,1258
2016,franchise,1257
2017,framework,1256
2018,fourth,1255
2019,fourteen,1254
2020,founding,1253
2021,foundation,1252
2022,fostering,1251
2023,foster,1250
2024,forward,1249
2025,fortification,1248
2026,fort,1247
2027,formulation,1246
2028,formation,1245
2029,format,1244
2030,formal,1243
2031,form,1242
2032,forgery,1241
2033,forfeiture,1240
2034,forestry,1239
2035,forestation,1238
2036,forest,1237
2037,forensic,1236
2038,foreign,1235
2039,foreclosure,1234
2040,forecasting,1233
2041,forecast,1232
2042,force,1231
2043,forbearance,1230
2044,footwear,1229
2045,footprint,1228
2046,footage,1227
2047,foot,1226
2048,foodstuff,1225
2049,food,1224
2050,folk,1223
2051,foil,1222
2052,focus,1221
2053,flower,1220
2054,flora,1219
2055,floor,1218
2056,flooding,1217
2057,flood,1216
2058,flight,1215
2059,flexible,1214
2060,flag,1213
2061,fixed,1212
2062,fitness,1211
2063,fishing,1210
2064,fishery,1209
2065,fisherfolk,1208
2066,fish,1207
2067,fiscal,1206
2068,firm,1205
2069,firing,1204
2070,firesafe,1203
2071,fireman,1202
2072,firecracker,1201
2073,firearm,1200
2074,finite,1199
2075,fingerprint,1198
2076,fine,1197
2077,financial,1196
2078,finance,1195
2079,finality,1194
2080,final,1193
2081,filtering,1192
2082,film,1191
2083,filling,1190
2084,filing,1189
2085,file,1188
2086,filariasis,1187
2087,fifth,1186
2088,field,1185
2089,fiduciary,1184
2090,fide,1183
2091,fictitious,1182
2092,fibrosis,1181
2093,fiber,1180
2094,fever,1179
2095,fetal,1178
2096,festival,1177
2097,fertilizer,1176
2098,fertile,1175
2099,feminism,1174
2100,female,1173
2101,felony,1172
2102,fellowship,1171
2103,feeding,1170
2104,fee,1169
2105,federation,1168
2106,feces,1167
2107,feast,1166
2108,feasibility,1165
2109,favor,1164
2110,fatty,1163
2111,fatigue,1162
2112,father,1161
2113,fat,1160
2114,farming,1159
2115,farmer,1158
2116,farm,1157
2117,fare,1156
2118,family,1155
2119,falsification,1154
2120,false,1153
2121,fallen,1152
2122,faith,1151
2123,fairness,1150
2124,fair,1149
2125,failure,1148
2126,faculty,1147
2127,fact,1146
2128,facsimile,1145
2129,facility,1144
2130,facilitation,1143
2131,facilitate,1142
2132,fabrication,1141
2133,eyewitness,1140
2134,eye,1139
2135,extreme,1138
2136,extraordinary,1137
2137,extrajudicial,1136
2138,extradition,1135
2139,extractive,1134
2140,extra,1133
2141,extinction,1132
2142,external,1131
2143,extent,1130
2144,extension,1129
2145,extending,1128
2146,extend,1127
2147,expropriation,1126
2148,expression,1125
2149,express,1124
2150,exposure,1123
2151,exportation,1122
2152,export,1121
2153,exploration,1120
2154,exploitive,1119
2155,exploitation,1118
2156,exploit,1117
2157,explanation,1116
2158,expiry,1115
2159,expiration,1114
2160,expert,1113
2161,experimentation,1112
2162,experience,1111
2163,expense,1110
2164,expenditure,1109
2165,expeditious,1108
2166,expeditionary,1107
2167,expediency,1106
2168,expectant,1105
2169,expansion,1104
2170,expanded,1103
2171,expand,1102
2172,existence,1101
2173,exhibition,1100
2174,exhaust,1099
2175,exercise,1098
2176,exemption,1097
2177,exempt,1096
2178,exemplary,1095
2179,execution,1094
2180,exclusive,1093
2181,exclusion,1092
2182,exclude,1091
2183,excise,1090
2184,exchange,1089
2185,excessive,1088
2186,excess,1087
2187,exceptional,1086
2188,excellence,1085
2189,examination,1084
2190,exam,1083
2191,exaction,1082
2192,exact,1081
2193,evident,1080
2194,evidence,1079
2195,event,1078
2196,evasion,1077
2197,evaluation,1076
2198,evacuation,1075
2199,ethyl,1074
2200,ethnic,1073
2201,ethical,1072
2202,ethic,1071
2203,ethanol,1070
2204,estate,1069
2205,establishment,1068
2206,essential,1067
2207,espionage,1066
2208,escheat,1065
2209,error,1064
2210,erd,1063
2211,eradication,1062
2212,equivalent,1061
2213,equivalency,1060
2214,equivalence,1059
2215,equity,1058
2216,equitable,1057
2217,equipment,1056
2218,equality,1055
2219,equal,1054
2220,epilepsy,1053
2221,environmental,1052
2222,environment,1051
2223,entry,1050
2224,entrepreneurship,1049
2225,entrepreneurial,1048
2226,entrance,1047
2227,entity,1046
2228,entitlement,1045
2229,entire,1044
2230,entertainment,1043
2231,enterprise,1042
2232,enrichment,1041
2233,enlistment,1040
2234,enlisted,1039
2235,enjoyment,1038
2236,enhancement,1037
2237,enhanced,1036
2238,enhance,1035
2239,engineering,1034
2240,engineer,1033
2241,engine,1032
2242,engagement,1031
2243,engaged,1030
2244,engage,1029
2245,enforcement,1028
2246,enforced,1027
2247,energy,1026
2248,endowment,1025
2249,endorsement,1024
2250,endocrinology,1023
2251,endangerment,1022
2252,end,1021
2253,encumbrance,1020
2254,encroachment,1019
2255,encouraging,1018
2256,encouragement,1017
2257,encourage,1016
2258,enactment,1015
2259,enable,1014
2260,empowerment,1013
2261,employment,1012
2262,employer,1011
2263,employee,1010
2264,employ,1009
2265,emphasis,1008
2266,emotional,1007
2267,emission,1006
2268,eminent,1005
2269,emergency,1004
2270,embassy,1003
2271,emancipation,1002
2272,elimination,1001
2273,eligible,1000
2274,eligibility,999
2275,eleventh,998
2276,elevated,997
2277,elementary,996
2278,elemental,995
2279,electroplating,994
2280,electronic,993
2281,electrification,992
2282,electricity,991
2283,electrical,990
2284,electric,989
2285,electorate,988
2286,electoral,987
2287,elective,986
2288,election,985
2289,elderly,984
2290,elder,983
2291,el,982
2292,eighty,981
2293,eighth,980
2294,eighteen,979
2295,effort,978
2296,efficient,977
2297,efficiency,976
2298,effectivity,975
2299,effective,974
2300,effect,973
2301,educational,972
2302,education,971
2303,editor,970
2304,edge,969
2305,ecosystem,968
2306,economy,967
2307,economics,966
2308,economic,965
2309,ecology,964
2310,ecological,963
2311,eating,962
2312,eastern,961
2313,ease,960
2314,earthquake,959
2315,earth,958
2316,earnings,957
2317,early,956
2318,ear,955
2319,dynasty,954
2320,duty,953
2321,dust,952
2322,duration,951
2323,durable,950
2324,dumping,949
2325,duly,948
2326,duck,947
2327,dual,946
2328,drunk,945
2329,drug,944
2330,dropout,943
2331,driving,942
2332,driver,941
2333,drive,940
2334,drinking,939
2335,drilling,938
2336,dress,937
2337,drawn,936
2338,drawing,935
2339,drainage,934
2340,drag,933
2341,downstream,932
2342,double,931
2343,donation,930
2344,dominion,929
2345,dominant,928
2346,dominance,927
2347,domestic,926
2348,domain,925
2349,dole,924
2350,dog,923
2351,documentation,922
2352,documentary,921
2353,document,920
2354,doctrine,919
2355,doctorate,918
2356,doctor,917
2357,divorce,916
2358,division,915
2359,diversion,914
2360,diversification,913
2361,diverse,912
2362,disturbance,911
2363,district,910
2364,distribution,909
2365,distressed,908
2366,distress,907
2367,distractive,906
2368,distinctive,905
2369,distinct,904
2370,distance,903
2371,dissolution,902
2372,dissemination,901
2373,disseminate,900
2374,dissection,899
2375,disruptive,898
2376,disruption,897
2377,disqualification,896
2378,dispute,895
2379,disposition,894
2380,dispose,893
2381,disposal,892
2382,disposable,891
2383,display,890
2384,displacement,889
2385,dispensation,888
2386,disparate,887
2387,disorder,886
2388,disobedience,885
2389,dismissal,884
2390,diseased,883
2391,disease,882
2392,discussion,881
2393,discriminatory,880
2394,discrimination,879
2395,discretionary,878
2396,discovery,877
2397,discount,876
2398,disclosure,875
2399,discipline,874
2400,discharge,873
2401,disbursement,872
2402,disaster,871
2403,disappearance,870
2404,disagreement,869
2405,disabled,868
2406,disability,867
2407,director,866
2408,direction,865
2409,direct,864
2410,diphtheria,863
2411,dingle,862
2412,digital,861
2413,digging,860
2414,differential,859
2415,different,858
2416,dietetics,857
2417,dietary,856
2418,diesel,855
2419,dialysis,854
2420,dialect,853
2421,diagnostic,852
2422,diagnosis,851
2423,diabetes,850
2424,devolution,849
2425,devise,848
2426,device,847
2427,development,846
2428,develop,845
2429,devastation,844
2430,deterrent,843
2431,deterrence,842
2432,determination,841
2433,deter,840
2434,detention,839
2435,detection,838
2436,detailed,837
2437,destruction,836
2438,destitute,835
2439,destination,834
2440,despoil,833
2441,desk,832
2442,desirable,831
2443,desirability,830
2444,designation,829
2445,design,828
2446,deserving,827
2447,desecration,826
2448,descriptive,825
2449,dermatology,824
2450,derivative,823
2451,derelict,822
2452,deprivation,821
2453,depression,820
2454,depressed,819
2455,depository,818
2456,deposit,817
2457,deployment,816
2458,deploy,815
2459,depiction,814
2460,dependent,813
2461,departure,812
2462,department,811
2463,dentistry,810
2464,dentist,809
2465,dental,808
2466,density,807
2467,dengue,806
2468,den,805
2469,demonstration,804
2470,demolition,803
2471,democratization,802
2472,demand,801
2473,delivery,800
2474,delinquent,799
2475,delinquency,798
2476,delineation,797
2477,delict,796
2478,deliberation,795
2479,delay,794
2480,degree,793
2481,degrading,792
2482,degeneration,791
2483,definition,790
2484,definite,789
2485,define,788
2486,defilement,787
2487,deficit,786
2488,deficiency,785
2489,defense,784
2490,defective,783
2491,defect,782
2492,defamation,781
2493,defacement,780
2494,deed,779
2495,deduction,778
2496,declaration,777
2497,decision,776
2498,decibel,775
2499,deceptive,774
2500,decedent,773
2501,deceased,772
2502,decahydrate,771
2503,debt,770
2504,debris,769
2505,debit,768
2506,debate,767
2507,death,766
2508,deafness,765
2509,deaf,764
2510,deadline,763
2511,dead,762
2512,day,761
2513,daughter,760
2514,date,759
2515,data,758
2516,dashboard,757
2517,dangerous,756
2518,danger,755
2519,dance,754
2520,damage,753
2521,dairy,752
2522,daily,751
2523,cycle,750
2524,cyanide,749
2525,cutting,748
2526,customer,747
2527,custom,746
2528,custody,745
2529,custodial,744
2530,curriculum,743
2531,curricular,742
2532,current,741
2533,currency,740
2534,curb,739
2535,cup,738
2536,culture,737
2537,cultural,736
2538,cultivation,735
2539,culmination,734
2540,cubic,733
2541,crystal,732
2542,crush,731
2543,cruelty,730
2544,cruel,729
2545,crude,728
2546,crucial,727
2547,cross,726
2548,crop,725
2549,criticism,724
2550,critical,723
2551,criterion,722
2552,crisis,721
2553,criminology,720
2554,criminality,719
2555,criminal,718
2556,crime,717
2557,crew,716
2558,crescent,715
2559,credit,714
2560,credible,713
2561,credibility,712
2562,creative,711
2563,creation,710
2564,crash,709
2565,crab,708
2566,covered,707
2567,coverage,706
2568,cove,705
2569,court,704
2570,course,703
2571,coupon,702
2572,countryside,701
2573,country,700
2574,counting,699
2575,counterfeit,698
2576,count,697
2577,counsel,696
2578,council,695
2579,cottage,694
2580,coterminous,693
2581,cost,692
2582,cosmetology,691
2583,cosmetological,690
2584,cosmetic,689
2585,corruption,688
2586,corrupt,687
2587,corridor,686
2588,corresponding,685
2589,corrective,684
2590,correctional,683
2591,correction,682
2592,correct,681
2593,corpus,680
2594,corporative,679
2595,corporation,678
2596,corporate,677
2597,corporal,676
2598,corp,675
2599,corn,674
2600,cordillera,673
2601,cord,672
2602,coral,671
2603,copyright,670
2604,copra,669
2605,conviction,668
2606,conversion,667
2607,converging,666
2608,convergent,665
2609,conventional,664
2610,convention,663
2611,convenience,662
2612,control,661
2613,contribution,660
2614,contribute,659
2615,contractual,658
2616,contractor,657
2617,contract,656
2618,contraband,655
2619,continuous,654
2620,continuity,653
2621,continued,652
2622,contingent,651
2623,contingency,650
2624,content,649
2625,contempt,648
2626,contamination,647
2627,container,646
2628,contain,645
2629,contact,644
2630,consumption,643
2631,consumer,642
2632,consultative,641
2633,consultation,640
2634,consultant,639
2635,consular,638
2636,consul,637
2637,construction,636
2638,constitutional,635
2639,constitution,634
2640,constituent,633
2641,constant,632
2642,conspiracy,631
2643,conspicuous,630
2644,consortium,629
2645,consolidation,628
2646,consolidated,627
2647,consistent,626
2648,consideration,625
2649,conserve,624
2650,conservation,623
2651,consequent,622
2652,consequence,621
2653,consent,620
2654,consecutive,619
2655,consciousness,618
2656,consanguinity,617
2657,connection,616
2658,conjugal,615
2659,congressional,614
2660,congress,613
2661,congregation,612
2662,congestion,611
2663,congenital,610
2664,confraternity,609
2665,conflict,608
2666,confiscation,607
2667,confirmation,606
2668,confinement,605
2669,confidentiality,604
2670,confidential,603
2671,confidence,602
2672,conferment,601
2673,conference,600
2674,conduit,599
2675,conduct,598
2676,conducive,597
2677,condonation,596
2678,condominium,595
2679,conditional,594
2680,condition,593
2681,concurrence,592
2682,concubinage,591
2683,conciliation,590
2684,concerned,589
2685,concern,588
2686,conception,587
2687,concept,586
2688,concealment,585
2689,computer,584
2690,computation,583
2691,compulsory,582
2692,compulsive,581
2693,compromise,580
2694,comprehensive,579
2695,composition,578
2696,component,577
2697,compliance,576
2698,complex,575
2699,completion,574
2700,complete,573
2701,complementary,572
2702,complement,571
2703,complaint,570
2704,competitiveness,569
2705,competitive,568
2706,competition,567
2707,competency,566
2708,competence,565
2709,compensatory,564
2710,compensation,563
2711,company,562
2712,commuting,561
2713,commuter,560
2714,community,559
2715,communication,558
2716,communicable,557
2717,commonwealth,556
2718,common,555
2719,commodity,554
2720,committee,553
2721,commitment,552
2722,commissioner,551
2723,commission,550
2724,commercialization,549
2725,commercial,548
2726,commerce,547
2727,commencement,546
2728,commemorative,545
2729,commemoration,544
2730,command,543
2731,comfort,542
2732,combat,541
2733,columnist,540
2734,collegiate,539
2735,college,538
2736,collective,537
2737,collection,536
2738,collateral,535
2739,collar,534
2740,collaborative,533
2741,cold,532
2742,cola,531
2743,coin,530
2744,coffee,529
2745,coercion,528
2746,coeducational,527
2747,coconut,526
2748,cocaine,525
2749,coastwise,524
2750,coastal,523
2751,coast,522
2752,coalition,521
2753,coal,520
2754,cluster,519
2755,closure,518
2756,closed,517
2757,close,516
2758,clinical,515
2759,clinic,514
2760,climate,513
2761,clerical,512
2762,clearinghouse,511
2763,clearance,510
2764,clear,509
2765,cleanup,508
2766,cleanliness,507
2767,cleaning,506
2768,clean,505
2769,clause,504
2770,classroom,503
2771,classification,502
2772,class,501
2773,clark,500
2774,claim,499
2775,civilian,498
2776,civil,497
2777,civic,496
2778,city,495
2779,citizenship,494
2780,citizenry,493
2781,citizen,492
2782,circumstance,491
2783,circumferential,490
2784,circuit,489
2785,cinematographic,488
2786,cigarette,487
2787,cigar,486
2788,church,485
2789,chronic,484
2790,cholesterol,483
2791,choking,482
2792,choice,481
2793,chocolate,480
2794,chloride,479
2795,chiropractic,478
2796,china,477
2797,childhood,476
2798,childbirth,475
2799,child,474
2800,chief,473
2801,chemistry,472
2802,chemical,471
2803,check,470
2804,cheap,469
2805,chat,468
2806,chastity,467
2807,chasing,466
2808,chartered,465
2809,charter,464
2810,charity,463
2811,charitable,462
2812,charging,461
2813,charge,460
2814,character,459
2815,chapter,458
2816,change,457
2817,championship,456
2818,chamber,455
2819,challenge,454
2820,chairman,453
2821,cessation,452
2822,cervical,451
2823,certification,450
2824,certificate,449
2825,certain,448
2826,cerebral,447
2827,century,446
2828,centum,445
2829,centrum,444
2830,central,443
2831,center,442
2832,cent,441
2833,census,440
2834,censorship,439
2835,cemetery,438
2836,celluloid,437
2837,cellular,436
2838,cell,435
2839,celebration,434
2840,ceiling,433
2841,cave,432
2842,cause,431
2843,catholic,430
2844,category,429
2845,cat,428
2846,casual,427
2847,castration,426
2848,casino,425
2849,cash,424
2850,case,423
2851,cartel,422
2852,carrying,421
2853,carrier,420
2854,carriage,419
2855,carp,418
2856,carnal,417
2857,cargo,416
2858,career,415
2859,care,414
2860,cardiopulmonary,413
2861,cardinal,412
2862,card,411
2863,carbon,410
2864,carabao,409
2865,car,408
2866,captivity,407
2867,captive,406
2868,capitalization,405
2869,capital,404
2870,capacity,403
2871,capable,402
2872,capability,401
2873,cap,400
2874,canvas,399
2875,cane,398
2876,candy,397
2877,candidate,396
2878,candidacy,395
2879,cancer,394
2880,cancellation,393
2881,canal,392
2882,campus,391
2883,campaign,390
2884,camera,389
2885,calorie,388
2886,caller,387
2887,calendar,386
2888,calamity,385
2889,cadaver,384
2890,cadastral,383
2891,cacao,382
2892,cable,381
2893,cabinet,380
2894,buyer,379
2895,buy,378
2896,business,377
2897,bus,376
2898,bursary,375
2899,burial,374
2900,bureaucratic,373
2901,bureaucracy,372
2902,bureau,371
2903,burden,370
2904,bullying,369
2905,bulletin,368
2906,bulk,367
2907,built,366
2908,building,365
2909,build,364
2910,buffer,363
2911,budgetary,362
2912,budget,361
2913,bronze,360
2914,broker,359
2915,broadsheet,358
2916,broadcast,357
2917,bride,356
2918,bribery,355
2919,breeding,354
2920,breastfeeding,353
2921,breast,352
2922,breakfast,351
2923,brand,350
2924,branch,349
2925,brain,348
2926,boy,347
2927,boxing,346
2928,boxer,345
2929,box,344
2930,boundary,343
2931,boulevard,342
2932,bottled,341
2933,botanical,340
2934,bot,339
2935,boston,338
2936,borrowing,337
2937,borne,336
2938,born,335
2939,border,334
2940,borax,333
2941,book,332
2942,bonus,331
2943,bone,330
2944,bond,329
2945,bonbon,328
2946,body,327
2947,boat,326
2948,board,325
2949,blueprint,324
2950,blood,323
2951,blind,322
2952,bleeding,321
2953,black,320
2954,biweekly,319
2955,biting,318
2956,bishop,317
2957,bisexual,316
2958,birth,315
2959,biometrics,314
2960,biological,313
2961,billing,312
2962,billiard,311
2963,bilateral,310
2964,bigger,309
2965,big,308
2966,bidding,307
2967,bicycle,306
2968,bicameral,305
2969,bias,304
2970,beverage,303
2971,betting,302
2972,better,301
2973,betrayal,300
2974,best,299
2975,bereavement,298
2976,benefit,297
2977,beneficiary,296
2978,beneficial,295
2979,beneath,294
2980,bench,293
2981,belt,292
2982,belief,291
2983,behavioral,290
2984,behalf,289
2985,bed,288
2986,beauty,287
2987,bear,286
2988,beach,285
2989,bay,284
2990,battle,283
2991,battered,282
2992,bathing,281
2993,basis,280
2994,basin,279
2995,basic,278
2996,base,277
2997,barter,276
2998,barrel,275
2999,bareboat,274
3000,barangay,273
3001,bar,272
3002,bantayan,271
3003,bankruptcy,270
3004,banking,269
3005,bank,268
3006,banana,267
3007,ban,266
3008,bamboo,265
3009,ballet,264
3010,baler,263
3011,balangay,262
3012,balanced,261
3013,balance,260
3014,bakery,259
3015,bail,258
3016,bago,257
3017,bag,256
3018,background,255
3019,baby,254
3020,ay,253
3021,awareness,252
3022,award,251
3023,avoid,250
3024,avocado,249
3025,aviation,248
3026,average,247
3027,avenue,246
3028,availment,245
3029,available,244
3030,availability,243
3031,autopsy,242
3032,autonomy,241
3033,autonomous,240
3034,automobile,239
3035,automatic,238
3036,autism,237
3037,authorship,236
3038,authorized,235
3039,authorization,234
3040,authority,233
3041,author,232
3042,authentication,231
3043,aurora,230
3044,august,229
3045,augmentation,228
3046,auditory,227
3047,audit,226
3048,audiology,225
3049,audio,224
3050,audience,223
3051,auction,222
3052,attrition,221
3053,attire,220
3054,attendant,219
3055,attendance,218
3056,attempt,217
3057,attainment,216
3058,attachment,215
3059,attached,214
3060,attache,213
3061,atomic,212
3062,atmospheric,211
3063,atmosphere,210
3064,athletic,209
3065,astronomical,208
3066,asthma,207
3067,assumption,206
3068,association,205
3069,associated,204
3070,associate,203
3071,assistance,202
3072,assist,201
3073,assignment,200
3074,asset,199
3075,assessment,198
3076,assembly,197
3077,assemble,196
3078,assault,195
3079,aside,194
3080,asbestos,193
3081,artistic,192
3082,artist,191
3083,arterial,190
3084,art,189
3085,arresting,188
3086,arrest,187
3087,arrangement,186
3088,armor,185
3089,armed,184
3090,arena,183
3091,area,182
3092,archive,181
3093,architecture,180
3094,archipelago,179
3095,archipelagic,178
3096,arc,177
3097,arbor,176
3098,arbitration,175
3099,arbitrary,174
3100,aquatic,173
3101,aquarium,172
3102,appurtenant,171
3103,approve,170
3104,approval,169
3105,appropriation,168
3106,appropriate,167
3107,approach,166
3108,apprenticeship,165
3109,apprehension,164
3110,appreciation,163
3111,appraisal,162
3112,apportionment,161
3113,appointment,160
3114,appointive,159
3115,appointee,158
3116,application,157
3117,applicable,156
3118,appearance,155
3119,antitheft,154
3120,antired,153
3121,antique,152
3122,antipolo,151
3123,antipollution,150
3124,antipersonnel,149
3125,antigraft,148
3126,antidrug,147
3127,anti,146
3128,anthem,145
3129,annulment,144
3130,annual,143
3131,annotation,142
3132,anniversary,141
3133,annex,140
3134,animal,139
3135,ancestral,138
3136,anaphylaxis,137
3137,analytical,136
3138,analysis,135
3139,amusement,134
3140,ample,133
3141,amortization,132
3142,amnesty,131
3143,ammunition,130
3144,amity,129
3145,amendment,128
3146,amelioration,127
3147,ambulatory,126
3148,ambulance,125
3149,amblyopia,124
3150,amateur,123
3151,amalgamation,122
3152,amalgam,121
3153,alumnus,120
3154,alternative,119
3155,allowance,118
3156,allowable,117
3157,allotment,116
3158,allocation,115
3159,allocate,114
3160,alleviation,113
3161,allergy,112
3162,allegiance,111
3163,alive,110
3164,alienation,109
3165,alienate,108
3166,alienable,107
3167,alien,106
3168,alfonso,105
3169,alert,104
3170,alcoholic,103
3171,alcohol,102
3172,alarm,101
3173,airport,100
3174,aircraft,99
3175,air,98
3176,aid,97
3177,aguinaldo,96
3178,agriculture,95
3179,agricultural,94
3180,agreement,93
3181,agrarian,92
3182,aging,91
3183,aggressive,90
3184,aggregate,89
3185,aggravating,88
3186,agent,87
3187,agency,86
3188,age,85
3189,aftermath,84
3190,afforestation,83
3191,affordable,82
3192,affinity,81
3193,affiliation,80
3194,affected,79
3195,aerosol,78
3196,aeronautics,77
3197,aerial,76
3198,advocate,75
3199,advisory,74
3200,advisor,73
3201,advertising,72
3202,advertisement,71
3203,adverse,70
3204,advantage,69
3205,advancement,68
3206,advanced,67
3207,advance,66
3208,adultery,65
3209,adult,64
3210,adoptive,63
3211,adoption,62
3212,adopter,61
3213,adopt,60
3214,adolescent,59
3215,admission,58
3216,admissibility,57
3217,admiralty,56
3218,administrative,55
3219,administration,54
3220,adjustment,53
3221,adjudication,52
3222,adherence,51
3223,adequate,50
3224,address,49
3225,additional,48
3226,addition,47
3227,addiction,46
3228,added,45
3229,adaptation,44
3230,ad,43
3231,acupuncture,42
3232,actual,41
3233,activity,40
3234,active,39
3235,action,38
3236,acquisition,37
3237,acidification,36
3238,acid,35
3239,achievement,34
3240,accurate,33
3241,accuracy,32
3242,accredited,31
3243,accreditation,30
3244,accredit,29
3245,accounting,28
3246,accountancy,27
3247,accountable,26
3248,accountability,25
3249,account,24
3250,accordance,23
3251,accident,22
3252,accessory,21
3253,accessible,20
3254,accessibility,19
3255,access,18
3256,acceptability,17
3257,acceleration,16
3258,accelerated,15
3259,academy,14
3260,academic,13
3261,abusive,12
3262,abuse,11
3263,absolute,10
3264,absentee,9
3265,absence,8
3266,abortive,7
3267,abortion,6
3268,aboard,5
3269,ability,4
3270,abduction,3
3271,abatement,2
3272,abandonment,1
3273,abaca,0
